{"cameraMode":{"drawMode":0,"name":"Shaded","section":"Shading Mode"},"sceneLighting":false,"audioPlay":false,"sceneViewState":{"showFog":false,"showMaterialUpdate":false,"showSkybox":false,"showFlares":false,"showImageEffects":false,"showParticleSystems":false},"in2DMode":false,"pivot":{"x":0.4182910919189453,"y":0.7962429523468018,"z":-0.15204858779907227},"rotation":{"x":0.2617556154727936,"y":0.3208235502243042,"z":-0.09273987263441086,"w":0.9055145978927612},"size":5.11872673034668,"orthographic":false}